Requêtes les plus fréquentes,Clics,Impressions,CTR,Position
vision ere,8,85,9.41%,3.46
vision'ère,7,15,46.67%,4.33
visionère,2,33,6.06%,4.52
visionere,1,145,0.69%,4.84
lunettes de vue pas cher rixheim,0,115,0%,37.41
ere,0,45,0%,30.27
e r e,0,19,0%,51.32
sportalm mulhouse,0,19,0%,84.26
vision sport,0,18,0%,9.28
le phare illzach,0,15,0%,38.07
vision'ere optique,0,14,0%,10.86
association ere,0,13,0%,6.15
association vision,0,13,0%,9.23
média presse,0,12,0%,79.17
ère,0,9,0%,34.44
vision association,0,8,0%,11.38
phare illzach,0,8,0%,36.5
vision d'une association,0,5,0%,5.8
helene dollfus,0,4,0%,1
presser vision,0,4,0%,6.75
visionere optique,0,4,0%,19.5
ids le phare illzach,0,4,0%,69.5
hélène dollfus,0,2,0%,1
vision er,0,2,0%,1
ere.alsace,0,2,0%,27
cca rouffach,0,2,0%,41.5
marche de paques sausheim 2025,0,1,0%,1
espace dollfus noack,0,1,0%,9
orest erstein,0,1,0%,10
vision-ère,0,1,0%,12
centre de la vision mulhouse,0,1,0%,13
visionnere,0,1,0%,21
escort marckolsheim,0,1,0%,29
fondation le phare illzach,0,1,0%,30
ere',0,1,0%,49
e visions,0,1,0%,79
club de visionaire,0,1,0%,104